{"@context":{"@vocab":"http://openlca.org/schema/v1.0/","@base":"http://openlca.org/schema/v1.0/","modelType":{"@type":"@vocab"},"flowPropertyType":{"@type":"@vocab"},"flowType":{"@type":"@vocab"},"distributionType":{"@type":"@vocab"},"parameterScope":{"@type":"@vocab"},"allocationType":{"@type":"@vocab"},"defaultAllocationMethod":{"@type":"@vocab"},"processType":{"@type":"@vocab"}},"@type":"Category","@id":"231bda25-8d18-48b2-b5ba-9b5795e30317","name":"lake","modelType":"FLOW","parentCategory":{"@type":"Category","@id":"50a5b682-0f1c-4468-9e48-2d2d612134c6","name":"water"}}