{"@context":{"@vocab":"http://openlca.org/schema/v1.0/","@base":"http://openlca.org/schema/v1.0/","modelType":{"@type":"@vocab"},"flowPropertyType":{"@type":"@vocab"},"flowType":{"@type":"@vocab"},"distributionType":{"@type":"@vocab"},"parameterScope":{"@type":"@vocab"},"allocationType":{"@type":"@vocab"},"defaultAllocationMethod":{"@type":"@vocab"},"processType":{"@type":"@vocab"}},"@type":"Category","@id":"3e34bea9-b96b-4a52-b0e9-2f117da18462","name":"agricultural","modelType":"FLOW","parentCategory":{"@type":"Category","@id":"c95855de-c2af-4137-9b7c-254487748624","name":"soil"}}