{"@context":{"@vocab":"http://openlca.org/schema/v1.0/","@base":"http://openlca.org/schema/v1.0/","modelType":{"@type":"@vocab"},"flowPropertyType":{"@type":"@vocab"},"flowType":{"@type":"@vocab"},"distributionType":{"@type":"@vocab"},"parameterScope":{"@type":"@vocab"},"allocationType":{"@type":"@vocab"},"defaultAllocationMethod":{"@type":"@vocab"},"processType":{"@type":"@vocab"}},"@type":"Category","@id":"90b2f926-e261-4df0-b435-63b0c660101e","name":"fresh water, long-term","modelType":"FLOW","parentCategory":{"@type":"Category","@id":"50a5b682-0f1c-4468-9e48-2d2d612134c6","name":"water"}}