{"@context":{"@vocab":"http://openlca.org/schema/v1.0/","@base":"http://openlca.org/schema/v1.0/","modelType":{"@type":"@vocab"},"flowPropertyType":{"@type":"@vocab"},"flowType":{"@type":"@vocab"},"distributionType":{"@type":"@vocab"},"parameterScope":{"@type":"@vocab"},"allocationType":{"@type":"@vocab"},"defaultAllocationMethod":{"@type":"@vocab"},"processType":{"@type":"@vocab"}},"@type":"Category","@id":"a56b521d-ca6c-4d43-9876-7e944c78392d","name":"forestry","modelType":"FLOW","parentCategory":{"@type":"Category","@id":"c95855de-c2af-4137-9b7c-254487748624","name":"soil"}}