{"@context":{"@vocab":"http://openlca.org/schema/v1.0/","@base":"http://openlca.org/schema/v1.0/","modelType":{"@type":"@vocab"},"flowPropertyType":{"@type":"@vocab"},"flowType":{"@type":"@vocab"},"distributionType":{"@type":"@vocab"},"parameterScope":{"@type":"@vocab"},"allocationType":{"@type":"@vocab"},"defaultAllocationMethod":{"@type":"@vocab"},"processType":{"@type":"@vocab"}},"@type":"ImpactCategory","@id":"1a890fdc-0fa9-41b4-9aeb-d39188851434","name":"Ecosystems - Natural land transformation","description":"LTP20","referenceUnitName":"species.yr","impactFactors":[{"@type":"ImpactFactor","value":6.36E-7,"flow":{"@type":"Flow","@id":"399f4fd0-8fd8-4a22-82ee-c7f3b6a3d22a","name":"Transformation, from unknown"},"unit":{"@type":"Unit","@id":"3ce61faa-5716-41c1-aef6-b5920054acc9","name":"m2"},"flowProperty":{"@type":"FlowProperty","@id":"93a60a56-a3c8-19da-a746-0800200c9a66","name":"Area"},"uncertainty":{}},{"@type":"ImpactFactor","value":-1.63E-6,"flow":{"@type":"Flow","@id":"3abea18f-cd91-4106-b23d-093c49427525","name":"Transformation, to forest, extensive"},"unit":{"@type":"Unit","@id":"3ce61faa-5716-41c1-aef6-b5920054acc9","name":"m2"},"flowProperty":{"@type":"FlowProperty","@id":"93a60a56-a3c8-19da-a746-0800200c9a66","name":"Area"},"uncertainty":{}},{"@type":"ImpactFactor","value":1.63E-6,"flow":{"@type":"Flow","@id":"0e1c3d27-fb97-457a-a5d0-a324e7043402","name":"Transformation, from forest, intensive, clear-cutting"},"unit":{"@type":"Unit","@id":"3ce61faa-5716-41c1-aef6-b5920054acc9","name":"m2"},"flowProperty":{"@type":"FlowProperty","@id":"93a60a56-a3c8-19da-a746-0800200c9a66","name":"Area"},"uncertainty":{}},{"@type":"ImpactFactor","value":1.63E-6,"flow":{"@type":"Flow","@id":"8d9f20e9-38f2-4a25-bb19-9da1e323fda4","name":"Transformation, from forest, intensive"},"unit":{"@type":"Unit","@id":"3ce61faa-5716-41c1-aef6-b5920054acc9","name":"m2"},"flowProperty":{"@type":"FlowProperty","@id":"93a60a56-a3c8-19da-a746-0800200c9a66","name":"Area"},"uncertainty":{}},{"@type":"ImpactFactor","value":-6.36E-7,"flow":{"@type":"Flow","@id":"2299398e-0846-4290-bcab-09bda2e61ee3","name":"Transformation, to unknown"},"unit":{"@type":"Unit","@id":"3ce61faa-5716-41c1-aef6-b5920054acc9","name":"m2"},"flowProperty":{"@type":"FlowProperty","@id":"93a60a56-a3c8-19da-a746-0800200c9a66","name":"Area"},"uncertainty":{}},{"@type":"ImpactFactor","value":5.37E-5,"flow":{"@type":"Flow","@id":"65b95f42-29f8-4f42-9a00-0b91d2363c17","name":"Transformation, from forest, primary (non-use)"},"unit":{"@type":"Unit","@id":"3ce61faa-5716-41c1-aef6-b5920054acc9","name":"m2"},"flowProperty":{"@type":"FlowProperty","@id":"93a60a56-a3c8-19da-a746-0800200c9a66","name":"Area"},"uncertainty":{}},{"@type":"ImpactFactor","value":-1.63E-6,"flow":{"@type":"Flow","@id":"cdbfd224-21fe-457e-a47d-26a525965051","name":"Transformation, to forest, intensive, clear-cutting"},"unit":{"@type":"Unit","@id":"3ce61faa-5716-41c1-aef6-b5920054acc9","name":"m2"},"flowProperty":{"@type":"FlowProperty","@id":"93a60a56-a3c8-19da-a746-0800200c9a66","name":"Area"},"uncertainty":{}},{"@type":"ImpactFactor","value":1.63E-6,"flow":{"@type":"Flow","@id":"38921804-39ac-4a71-b675-2d092357fe0d","name":"Transformation, from forest, extensive"},"unit":{"@type":"Unit","@id":"3ce61faa-5716-41c1-aef6-b5920054acc9","name":"m2"},"flowProperty":{"@type":"FlowProperty","@id":"93a60a56-a3c8-19da-a746-0800200c9a66","name":"Area"},"uncertainty":{}},{"@type":"ImpactFactor","value":6.36E-7,"flow":{"@type":"Flow","@id":"29630a65-f38c-48a5-9744-c0121f586640","name":"Transformation, from unknown"},"unit":{"@type":"Unit","@id":"3ce61faa-5716-41c1-aef6-b5920054acc9","name":"m2"},"flowProperty":{"@type":"FlowProperty","@id":"93a60a56-a3c8-19da-a746-0800200c9a66","name":"Area"},"uncertainty":{}},{"@type":"ImpactFactor","value":1.63E-6,"flow":{"@type":"Flow","@id":"e717f3cc-ac70-4c9b-be56-1614239b917e","name":"Transformation, from forest, intensive, normal"},"unit":{"@type":"Unit","@id":"3ce61faa-5716-41c1-aef6-b5920054acc9","name":"m2"},"flowProperty":{"@type":"FlowProperty","@id":"93a60a56-a3c8-19da-a746-0800200c9a66","name":"Area"},"uncertainty":{}},{"@type":"ImpactFactor","value":5.37E-5,"flow":{"@type":"Flow","@id":"fbe76292-b1ff-4efe-8ac6-3a36c4f3c900","name":"Transformation, from tropical rain forest"},"unit":{"@type":"Unit","@id":"3ce61faa-5716-41c1-aef6-b5920054acc9","name":"m2"},"flowProperty":{"@type":"FlowProperty","@id":"93a60a56-a3c8-19da-a746-0800200c9a66","name":"Area"},"uncertainty":{}},{"@type":"ImpactFactor","value":-6.36E-7,"flow":{"@type":"Flow","@id":"512a5356-8059-4772-a43f-42e3c4f3d299","name":"Transformation, to unknown"},"unit":{"@type":"Unit","@id":"3ce61faa-5716-41c1-aef6-b5920054acc9","name":"m2"},"flowProperty":{"@type":"FlowProperty","@id":"93a60a56-a3c8-19da-a746-0800200c9a66","name":"Area"},"uncertainty":{}},{"@type":"ImpactFactor","value":1.63E-6,"flow":{"@type":"Flow","@id":"99f1deff-a149-49bf-b1fd-95f7ff7d1331","name":"Transformation, from forest, intensive, short-cycle"},"unit":{"@type":"Unit","@id":"3ce61faa-5716-41c1-aef6-b5920054acc9","name":"m2"},"flowProperty":{"@type":"FlowProperty","@id":"93a60a56-a3c8-19da-a746-0800200c9a66","name":"Area"},"uncertainty":{}},{"@type":"ImpactFactor","value":1.63E-6,"flow":{"@type":"Flow","@id":"8b03ce87-7aec-4106-8f9f-752c6174fda3","name":"Transformation, from forest, intensive, normal"},"unit":{"@type":"Unit","@id":"3ce61faa-5716-41c1-aef6-b5920054acc9","name":"m2"},"flowProperty":{"@type":"FlowProperty","@id":"93a60a56-a3c8-19da-a746-0800200c9a66","name":"Area"},"uncertainty":{}},{"@type":"ImpactFactor","value":-1.63E-6,"flow":{"@type":"Flow","@id":"bba9f623-5919-4ef3-b98d-c94af1553179","name":"Transformation, to forest"},"unit":{"@type":"Unit","@id":"3ce61faa-5716-41c1-aef6-b5920054acc9","name":"m2"},"flowProperty":{"@type":"FlowProperty","@id":"93a60a56-a3c8-19da-a746-0800200c9a66","name":"Area"},"uncertainty":{}},{"@type":"ImpactFactor","value":1.63E-6,"flow":{"@type":"Flow","@id":"75178d65-a01b-4108-8871-6b8c78a3ffe2","name":"Transformation, from forest, unspecified"},"unit":{"@type":"Unit","@id":"3ce61faa-5716-41c1-aef6-b5920054acc9","name":"m2"},"flowProperty":{"@type":"FlowProperty","@id":"93a60a56-a3c8-19da-a746-0800200c9a66","name":"Area"},"uncertainty":{}},{"@type":"ImpactFactor","value":-5.37E-5,"flow":{"@type":"Flow","@id":"90495e93-e89d-4405-85e9-250cc3706cda","name":"Transformation, to forest, primary (non-use)"},"unit":{"@type":"Unit","@id":"3ce61faa-5716-41c1-aef6-b5920054acc9","name":"m2"},"flowProperty":{"@type":"FlowProperty","@id":"93a60a56-a3c8-19da-a746-0800200c9a66","name":"Area"},"uncertainty":{}},{"@type":"ImpactFactor","value":-5.37E-5,"flow":{"@type":"Flow","@id":"e3c1224d-1958-4fbb-b0e3-91943e5975c7","name":"Transformation, to tropical rain forest"},"unit":{"@type":"Unit","@id":"3ce61faa-5716-41c1-aef6-b5920054acc9","name":"m2"},"flowProperty":{"@type":"FlowProperty","@id":"93a60a56-a3c8-19da-a746-0800200c9a66","name":"Area"},"uncertainty":{}},{"@type":"ImpactFactor","value":1.63E-6,"flow":{"@type":"Flow","@id":"0930b6b8-d9c6-4462-966f-ac7495b63bed","name":"Transformation, from forest"},"unit":{"@type":"Unit","@id":"3ce61faa-5716-41c1-aef6-b5920054acc9","name":"m2"},"flowProperty":{"@type":"FlowProperty","@id":"93a60a56-a3c8-19da-a746-0800200c9a66","name":"Area"},"uncertainty":{}},{"@type":"ImpactFactor","value":1.63E-6,"flow":{"@type":"Flow","@id":"7f401bdd-4116-48ad-b217-013fd904d323","name":"Transformation, from forest, extensive"},"unit":{"@type":"Unit","@id":"3ce61faa-5716-41c1-aef6-b5920054acc9","name":"m2"},"flowProperty":{"@type":"FlowProperty","@id":"93a60a56-a3c8-19da-a746-0800200c9a66","name":"Area"},"uncertainty":{}},{"@type":"ImpactFactor","value":5.37E-5,"flow":{"@type":"Flow","@id":"e71f95a5-fd82-4128-9fd1-be3f0e85d0fc","name":"Transformation, from tropical rain forest"},"unit":{"@type":"Unit","@id":"3ce61faa-5716-41c1-aef6-b5920054acc9","name":"m2"},"flowProperty":{"@type":"FlowProperty","@id":"93a60a56-a3c8-19da-a746-0800200c9a66","name":"Area"},"uncertainty":{}},{"@type":"ImpactFactor","value":-5.37E-5,"flow":{"@type":"Flow","@id":"88e8456c-dc23-4bb4-aed5-a4186a2fbf77","name":"Transformation, to tropical rain forest"},"unit":{"@type":"Unit","@id":"3ce61faa-5716-41c1-aef6-b5920054acc9","name":"m2"},"flowProperty":{"@type":"FlowProperty","@id":"93a60a56-a3c8-19da-a746-0800200c9a66","name":"Area"},"uncertainty":{}},{"@type":"ImpactFactor","value":1.63E-6,"flow":{"@type":"Flow","@id":"aa6a298f-893f-449d-8573-39f32fd43fe5","name":"Transformation, from forest, intensive"},"unit":{"@type":"Unit","@id":"3ce61faa-5716-41c1-aef6-b5920054acc9","name":"m2"},"flowProperty":{"@type":"FlowProperty","@id":"93a60a56-a3c8-19da-a746-0800200c9a66","name":"Area"},"uncertainty":{}},{"@type":"ImpactFactor","value":-1.63E-6,"flow":{"@type":"Flow","@id":"994d61de-fbb0-4187-a4d4-b11c3c2b9102","name":"Transformation, to forest, intensive, normal"},"unit":{"@type":"Unit","@id":"3ce61faa-5716-41c1-aef6-b5920054acc9","name":"m2"},"flowProperty":{"@type":"FlowProperty","@id":"93a60a56-a3c8-19da-a746-0800200c9a66","name":"Area"},"uncertainty":{}},{"@type":"ImpactFactor","value":1.63E-6,"flow":{"@type":"Flow","@id":"3f9dea81-3fba-46b9-83d5-23ffd5bae744","name":"Transformation, from forest, intensive, short-cycle"},"unit":{"@type":"Unit","@id":"3ce61faa-5716-41c1-aef6-b5920054acc9","name":"m2"},"flowProperty":{"@type":"FlowProperty","@id":"93a60a56-a3c8-19da-a746-0800200c9a66","name":"Area"},"uncertainty":{}},{"@type":"ImpactFactor","value":-1.63E-6,"flow":{"@type":"Flow","@id":"0775d4c9-2c91-4a0d-a4a7-1c6b96e47ea4","name":"Transformation, to forest, intensive, short-cycle"},"unit":{"@type":"Unit","@id":"3ce61faa-5716-41c1-aef6-b5920054acc9","name":"m2"},"flowProperty":{"@type":"FlowProperty","@id":"93a60a56-a3c8-19da-a746-0800200c9a66","name":"Area"},"uncertainty":{}},{"@type":"ImpactFactor","value":-1.63E-6,"flow":{"@type":"Flow","@id":"dae78878-37f4-4012-a9ea-62a0e9bb6720","name":"Transformation, to forest, extensive"},"unit":{"@type":"Unit","@id":"3ce61faa-5716-41c1-aef6-b5920054acc9","name":"m2"},"flowProperty":{"@type":"FlowProperty","@id":"93a60a56-a3c8-19da-a746-0800200c9a66","name":"Area"},"uncertainty":{}},{"@type":"ImpactFactor","value":-1.63E-6,"flow":{"@type":"Flow","@id":"d264f35c-7f48-47d8-885b-057bdafa04a3","name":"Transformation, to forest, intensive"},"unit":{"@type":"Unit","@id":"3ce61faa-5716-41c1-aef6-b5920054acc9","name":"m2"},"flowProperty":{"@type":"FlowProperty","@id":"93a60a56-a3c8-19da-a746-0800200c9a66","name":"Area"},"uncertainty":{}},{"@type":"ImpactFactor","value":-1.63E-6,"flow":{"@type":"Flow","@id":"9be62afc-89f5-4c81-86b0-e3fec4dbd311","name":"Transformation, to forest"},"unit":{"@type":"Unit","@id":"3ce61faa-5716-41c1-aef6-b5920054acc9","name":"m2"},"flowProperty":{"@type":"FlowProperty","@id":"93a60a56-a3c8-19da-a746-0800200c9a66","name":"Area"},"uncertainty":{}},{"@type":"ImpactFactor","value":-1.63E-6,"flow":{"@type":"Flow","@id":"0cab58d3-f449-48d4-94bd-ec09d19736d6","name":"Transformation, to forest, intensive, clear-cutting"},"unit":{"@type":"Unit","@id":"3ce61faa-5716-41c1-aef6-b5920054acc9","name":"m2"},"flowProperty":{"@type":"FlowProperty","@id":"93a60a56-a3c8-19da-a746-0800200c9a66","name":"Area"},"uncertainty":{}},{"@type":"ImpactFactor","value":-1.63E-6,"flow":{"@type":"Flow","@id":"3573b5ab-5158-4048-a364-aad9e706acb4","name":"Transformation, to forest, intensive, short-cycle"},"unit":{"@type":"Unit","@id":"3ce61faa-5716-41c1-aef6-b5920054acc9","name":"m2"},"flowProperty":{"@type":"FlowProperty","@id":"93a60a56-a3c8-19da-a746-0800200c9a66","name":"Area"},"uncertainty":{}},{"@type":"ImpactFactor","value":1.63E-6,"flow":{"@type":"Flow","@id":"8c920eda-3eee-4782-ace6-c706fb363b88","name":"Transformation, from forest, intensive, clear-cutting"},"unit":{"@type":"Unit","@id":"3ce61faa-5716-41c1-aef6-b5920054acc9","name":"m2"},"flowProperty":{"@type":"FlowProperty","@id":"93a60a56-a3c8-19da-a746-0800200c9a66","name":"Area"},"uncertainty":{}},{"@type":"ImpactFactor","value":-1.63E-6,"flow":{"@type":"Flow","@id":"c16d78c6-a944-4bfa-8e7a-b292b5b49d2e","name":"Transformation, to forest, intensive"},"unit":{"@type":"Unit","@id":"3ce61faa-5716-41c1-aef6-b5920054acc9","name":"m2"},"flowProperty":{"@type":"FlowProperty","@id":"93a60a56-a3c8-19da-a746-0800200c9a66","name":"Area"},"uncertainty":{}},{"@type":"ImpactFactor","value":-1.63E-6,"flow":{"@type":"Flow","@id":"43c326df-fae0-4e31-a1f2-5a9dcf3f2244","name":"Transformation, to forest, intensive, normal"},"unit":{"@type":"Unit","@id":"3ce61faa-5716-41c1-aef6-b5920054acc9","name":"m2"},"flowProperty":{"@type":"FlowProperty","@id":"93a60a56-a3c8-19da-a746-0800200c9a66","name":"Area"},"uncertainty":{}},{"@type":"ImpactFactor","value":1.63E-6,"flow":{"@type":"Flow","@id":"99801a43-d476-4055-8d97-fb7c4ae173d4","name":"Transformation, from forest"},"unit":{"@type":"Unit","@id":"3ce61faa-5716-41c1-aef6-b5920054acc9","name":"m2"},"flowProperty":{"@type":"FlowProperty","@id":"93a60a56-a3c8-19da-a746-0800200c9a66","name":"Area"},"uncertainty":{}}]}