{"@context":{"@vocab":"http://openlca.org/schema/v1.0/","@base":"http://openlca.org/schema/v1.0/","modelType":{"@type":"@vocab"},"flowPropertyType":{"@type":"@vocab"},"flowType":{"@type":"@vocab"},"distributionType":{"@type":"@vocab"},"parameterScope":{"@type":"@vocab"},"allocationType":{"@type":"@vocab"},"defaultAllocationMethod":{"@type":"@vocab"},"processType":{"@type":"@vocab"}},"@type":"ImpactCategory","@id":"a8bc740a-12c0-404e-8f21-a6a1e2c648c0","name":"Ecosystems - Terrestrial acidification","description":"TAP20","referenceUnitName":"species.yr","impactFactors":[{"@type":"ImpactFactor","value":3.02E-9,"flow":{"@type":"Flow","@id":"87883a4e-1e3e-4c9d-90c0-f1bea36f8014","name":"Ammonia"},"unit":{"@type":"Unit","@id":"20aadc24-a391-41cf-b340-3e4529f44bde","name":"kg"},"flowProperty":{"@type":"FlowProperty","@id":"93a60a56-a3c8-11da-a746-0800200b9a66","name":"Mass"},"uncertainty":{}},{"@type":"ImpactFactor","value":7.44E-10,"flow":{"@type":"Flow","@id":"9fb048e8-b1c4-4b1a-b536-5467d511f75a","name":"Nitrogen dioxide"},"unit":{"@type":"Unit","@id":"20aadc24-a391-41cf-b340-3e4529f44bde","name":"kg"},"flowProperty":{"@type":"FlowProperty","@id":"93a60a56-a3c8-11da-a746-0800200b9a66","name":"Mass"},"uncertainty":{}},{"@type":"ImpactFactor","value":3.02E-9,"flow":{"@type":"Flow","@id":"2b50f643-216a-412b-a0e5-5946867aa2ed","name":"Ammonia"},"unit":{"@type":"Unit","@id":"20aadc24-a391-41cf-b340-3e4529f44bde","name":"kg"},"flowProperty":{"@type":"FlowProperty","@id":"93a60a56-a3c8-11da-a746-0800200b9a66","name":"Mass"},"uncertainty":{}},{"@type":"ImpactFactor","value":3.02E-9,"flow":{"@type":"Flow","@id":"0f440cc0-0f74-446d-99d6-8ff0e97a2444","name":"Ammonia"},"unit":{"@type":"Unit","@id":"20aadc24-a391-41cf-b340-3e4529f44bde","name":"kg"},"flowProperty":{"@type":"FlowProperty","@id":"93a60a56-a3c8-11da-a746-0800200b9a66","name":"Mass"},"uncertainty":{}},{"@type":"ImpactFactor","value":1.52E-9,"flow":{"@type":"Flow","@id":"78c3efe4-421c-4d30-82e4-b97ac5124993","name":"Sulfur dioxide"},"unit":{"@type":"Unit","@id":"20aadc24-a391-41cf-b340-3e4529f44bde","name":"kg"},"flowProperty":{"@type":"FlowProperty","@id":"93a60a56-a3c8-11da-a746-0800200b9a66","name":"Mass"},"uncertainty":{}},{"@type":"ImpactFactor","value":7.44E-10,"flow":{"@type":"Flow","@id":"c1b91234-6f24-417b-8309-46111d09c457","name":"Nitrogen oxides"},"unit":{"@type":"Unit","@id":"20aadc24-a391-41cf-b340-3e4529f44bde","name":"kg"},"flowProperty":{"@type":"FlowProperty","@id":"93a60a56-a3c8-11da-a746-0800200b9a66","name":"Mass"},"uncertainty":{}},{"@type":"ImpactFactor","value":3.02E-9,"flow":{"@type":"Flow","@id":"8494ed3c-0416-4aa5-b100-51a2b2bcadbd","name":"Ammonia"},"unit":{"@type":"Unit","@id":"20aadc24-a391-41cf-b340-3e4529f44bde","name":"kg"},"flowProperty":{"@type":"FlowProperty","@id":"93a60a56-a3c8-11da-a746-0800200b9a66","name":"Mass"},"uncertainty":{}},{"@type":"ImpactFactor","value":1.52E-9,"flow":{"@type":"Flow","@id":"6ce44f77-d181-4396-8fa2-2276eeeb4c08","name":"Sulfur dioxide"},"unit":{"@type":"Unit","@id":"20aadc24-a391-41cf-b340-3e4529f44bde","name":"kg"},"flowProperty":{"@type":"FlowProperty","@id":"93a60a56-a3c8-11da-a746-0800200b9a66","name":"Mass"},"uncertainty":{}},{"@type":"ImpactFactor","value":7.44E-10,"flow":{"@type":"Flow","@id":"4841a0fe-c250-4a39-94a1-1bc31426c0f1","name":"Nitrogen oxides"},"unit":{"@type":"Unit","@id":"20aadc24-a391-41cf-b340-3e4529f44bde","name":"kg"},"flowProperty":{"@type":"FlowProperty","@id":"93a60a56-a3c8-11da-a746-0800200b9a66","name":"Mass"},"uncertainty":{}},{"@type":"ImpactFactor","value":1.52E-9,"flow":{"@type":"Flow","@id":"16521d00-4b6f-464f-b5dd-8da4a27b15ca","name":"Sulfur dioxide"},"unit":{"@type":"Unit","@id":"20aadc24-a391-41cf-b340-3e4529f44bde","name":"kg"},"flowProperty":{"@type":"FlowProperty","@id":"93a60a56-a3c8-11da-a746-0800200b9a66","name":"Mass"},"uncertainty":{}},{"@type":"ImpactFactor","value":3.02E-9,"flow":{"@type":"Flow","@id":"9990b51b-7023-4700-bca0-1a32ef921f74","name":"Ammonia"},"unit":{"@type":"Unit","@id":"20aadc24-a391-41cf-b340-3e4529f44bde","name":"kg"},"flowProperty":{"@type":"FlowProperty","@id":"93a60a56-a3c8-11da-a746-0800200b9a66","name":"Mass"},"uncertainty":{}},{"@type":"ImpactFactor","value":7.44E-10,"flow":{"@type":"Flow","@id":"d9945575-a965-4bf3-9cd7-584263172abd","name":"Nitrogen dioxide"},"unit":{"@type":"Unit","@id":"20aadc24-a391-41cf-b340-3e4529f44bde","name":"kg"},"flowProperty":{"@type":"FlowProperty","@id":"93a60a56-a3c8-11da-a746-0800200b9a66","name":"Mass"},"uncertainty":{}},{"@type":"ImpactFactor","value":1.52E-9,"flow":{"@type":"Flow","@id":"b1124d65-6c5a-4530-a5e5-0c9726eb524c","name":"Sulfur monoxide"},"unit":{"@type":"Unit","@id":"20aadc24-a391-41cf-b340-3e4529f44bde","name":"kg"},"flowProperty":{"@type":"FlowProperty","@id":"93a60a56-a3c8-11da-a746-0800200b9a66","name":"Mass"},"uncertainty":{}},{"@type":"ImpactFactor","value":7.44E-10,"flow":{"@type":"Flow","@id":"d068f3e2-b033-417b-a359-ca4f25da9731","name":"Nitrogen oxides"},"unit":{"@type":"Unit","@id":"20aadc24-a391-41cf-b340-3e4529f44bde","name":"kg"},"flowProperty":{"@type":"FlowProperty","@id":"93a60a56-a3c8-11da-a746-0800200b9a66","name":"Mass"},"uncertainty":{}},{"@type":"ImpactFactor","value":1.52E-9,"flow":{"@type":"Flow","@id":"8c52f40c-69b7-4538-8923-b371523c71f5","name":"Sulfur dioxide"},"unit":{"@type":"Unit","@id":"20aadc24-a391-41cf-b340-3e4529f44bde","name":"kg"},"flowProperty":{"@type":"FlowProperty","@id":"93a60a56-a3c8-11da-a746-0800200b9a66","name":"Mass"},"uncertainty":{}},{"@type":"ImpactFactor","value":7.44E-10,"flow":{"@type":"Flow","@id":"003697f1-54e9-409e-8179-23a95e99e4d7","name":"Nitrogen dioxide"},"unit":{"@type":"Unit","@id":"20aadc24-a391-41cf-b340-3e4529f44bde","name":"kg"},"flowProperty":{"@type":"FlowProperty","@id":"93a60a56-a3c8-11da-a746-0800200b9a66","name":"Mass"},"uncertainty":{}},{"@type":"ImpactFactor","value":1.52E-9,"flow":{"@type":"Flow","@id":"fd7aa71c-508c-480d-81a6-8052aad92646","name":"Sulfur dioxide"},"unit":{"@type":"Unit","@id":"20aadc24-a391-41cf-b340-3e4529f44bde","name":"kg"},"flowProperty":{"@type":"FlowProperty","@id":"93a60a56-a3c8-11da-a746-0800200b9a66","name":"Mass"},"uncertainty":{}},{"@type":"ImpactFactor","value":1.52E-9,"flow":{"@type":"Flow","@id":"675d7403-504b-422c-aa11-7dc8e79e4486","name":"Sulfur oxides"},"unit":{"@type":"Unit","@id":"20aadc24-a391-41cf-b340-3e4529f44bde","name":"kg"},"flowProperty":{"@type":"FlowProperty","@id":"93a60a56-a3c8-11da-a746-0800200b9a66","name":"Mass"},"uncertainty":{}},{"@type":"ImpactFactor","value":1.52E-9,"flow":{"@type":"Flow","@id":"65634b3e-5481-4e61-b4fa-b67cb7c4ffc3","name":"Sulfur oxides"},"unit":{"@type":"Unit","@id":"20aadc24-a391-41cf-b340-3e4529f44bde","name":"kg"},"flowProperty":{"@type":"FlowProperty","@id":"93a60a56-a3c8-11da-a746-0800200b9a66","name":"Mass"},"uncertainty":{}},{"@type":"ImpactFactor","value":7.44E-10,"flow":{"@type":"Flow","@id":"4490af97-53d7-4849-aa85-34b5a50e516b","name":"Nitrogen dioxide"},"unit":{"@type":"Unit","@id":"20aadc24-a391-41cf-b340-3e4529f44bde","name":"kg"},"flowProperty":{"@type":"FlowProperty","@id":"93a60a56-a3c8-11da-a746-0800200b9a66","name":"Mass"},"uncertainty":{}},{"@type":"ImpactFactor","value":7.44E-10,"flow":{"@type":"Flow","@id":"77357947-ccc5-438e-9996-95e65e1e1bce","name":"Nitrogen oxides"},"unit":{"@type":"Unit","@id":"20aadc24-a391-41cf-b340-3e4529f44bde","name":"kg"},"flowProperty":{"@type":"FlowProperty","@id":"93a60a56-a3c8-11da-a746-0800200b9a66","name":"Mass"},"uncertainty":{}},{"@type":"ImpactFactor","value":1.52E-9,"flow":{"@type":"Flow","@id":"e3569b8d-34ca-4712-93b5-b0d81f955663","name":"Sulfur oxides"},"unit":{"@type":"Unit","@id":"20aadc24-a391-41cf-b340-3e4529f44bde","name":"kg"},"flowProperty":{"@type":"FlowProperty","@id":"93a60a56-a3c8-11da-a746-0800200b9a66","name":"Mass"},"uncertainty":{}},{"@type":"ImpactFactor","value":1.52E-9,"flow":{"@type":"Flow","@id":"65e1e004-ceed-4b40-ab2b-5f34b07fdb99","name":"Sulfur oxides"},"unit":{"@type":"Unit","@id":"20aadc24-a391-41cf-b340-3e4529f44bde","name":"kg"},"flowProperty":{"@type":"FlowProperty","@id":"93a60a56-a3c8-11da-a746-0800200b9a66","name":"Mass"},"uncertainty":{}},{"@type":"ImpactFactor","value":7.44E-10,"flow":{"@type":"Flow","@id":"0b7e10a8-6ca0-4a50-a39b-f2a019cb3610","name":"Nitrogen dioxide"},"unit":{"@type":"Unit","@id":"20aadc24-a391-41cf-b340-3e4529f44bde","name":"kg"},"flowProperty":{"@type":"FlowProperty","@id":"93a60a56-a3c8-11da-a746-0800200b9a66","name":"Mass"},"uncertainty":{}},{"@type":"ImpactFactor","value":7.44E-10,"flow":{"@type":"Flow","@id":"9115356e-a534-4329-9ec6-d9208720241b","name":"Nitrogen oxides"},"unit":{"@type":"Unit","@id":"20aadc24-a391-41cf-b340-3e4529f44bde","name":"kg"},"flowProperty":{"@type":"FlowProperty","@id":"93a60a56-a3c8-11da-a746-0800200b9a66","name":"Mass"},"uncertainty":{}}]}