{"@context":{"@vocab":"http://openlca.org/schema/v1.0/","@base":"http://openlca.org/schema/v1.0/","modelType":{"@type":"@vocab"},"flowPropertyType":{"@type":"@vocab"},"flowType":{"@type":"@vocab"},"distributionType":{"@type":"@vocab"},"parameterScope":{"@type":"@vocab"},"allocationType":{"@type":"@vocab"},"defaultAllocationMethod":{"@type":"@vocab"},"processType":{"@type":"@vocab"}},"@type":"UnitGroup","@id":"93a60a57-a3c8-18da-a746-0800200c9a66","name":"Units of area","category":{"@type":"Category","@id":"e38f841d-bc83-49a3-ab86-2783de8cebfb","name":"Technical unit groups"},"defaultFlowProperty":{"@type":"FlowProperty","@id":"93a60a56-a3c8-19da-a746-0800200c9a66","name":"Area"},"units":[{"@type":"Unit","@id":"20ce5f57-69b1-438b-a8e8-23089854d058","name":"mi2","description":"British square mile","conversionFactor":2589988.11,"synonyms":["mi²"]},{"@type":"Unit","@id":"3ce61faa-5716-41c1-aef6-b5920054acc9","name":"m2","description":"Square meter","referenceUnit":true,"conversionFactor":1.0,"synonyms":["m²"]},{"@type":"Unit","@id":"4689d28c-29f6-4f0a-ad03-0276f7070edd","name":"nmi2","description":"Square nautical mile","conversionFactor":3429904.0},{"@type":"Unit","@id":"588613d5-6c8c-4ab6-8c69-ec5e20ef7881","name":"cm2","description":"Square centimetre","conversionFactor":1.0E-4},{"@type":"Unit","@id":"6c4b1e4a-bf45-4385-a60c-12cc48ecbab5","name":"yd2","description":"Square yard (imperial/US)","conversionFactor":0.83},{"@type":"Unit","@id":"8ee3bcbf-9e65-4f59-9b0b-40b504cbe345","name":"ac","description":"Acre (US survey)","conversionFactor":4046.85,"synonyms":["acre (US)"]},{"@type":"Unit","@id":"b9a011a0-c9bf-459b-b105-2623d1b61ddf","name":"km2","description":"Square kilometer","conversionFactor":1000000.0,"synonyms":["km²"]},{"@type":"Unit","@id":"c66d26f1-7946-4027-85f0-ac79222a59f1","name":"ft2","description":"British square feet","conversionFactor":0.09,"synonyms":["ft²"]},{"@type":"Unit","@id":"debee4d9-bc47-4e35-8624-4957ecb75386","name":"ha","description":"Hectare","conversionFactor":10000.0},{"@type":"Unit","@id":"e114cd83-3e7f-4466-8028-761c0469f7c7","name":"a","description":"Are","conversionFactor":100.0},{"@type":"Unit","@id":"cd277914-c68c-4be4-b7cf-cdf17a6e7f48","name":"in2","description":"Square inches","conversionFactor":6.45E-4,"synonyms":["sq.in"]},{"@type":"Unit","@id":"b9a011a0-c9bf-459b-b105-2623d1b61ddf","name":"km2","description":"Square kilometre","conversionFactor":1000000.0,"synonyms":["km²"]},{"@type":"Unit","@id":"4689d28c-29f6-4f0a-ad03-0276f7070edd","name":"nmi2","description":"Square nautical mile","conversionFactor":3429904.0},{"@type":"Unit","@id":"6c4b1e4a-bf45-4385-a60c-12cc48ecbab5","name":"yd2","description":"Square yard (imperial/US)","conversionFactor":0.83,"synonyms":["sq.yd"]},{"@type":"Unit","@id":"3ce61faa-5716-41c1-aef6-b5920054acc9","name":"m2","description":"Square metre","conversionFactor":1.0,"synonyms":["m²"]},{"@type":"Unit","@id":"0992b8e3-489a-46ea-8d71-1bf951ece5d0","name":"mm2","description":"Square millimetres","conversionFactor":1.0E-6},{"@type":"Unit","@id":"debee4d9-bc47-4e35-8624-4957ecb75386","name":"ha","description":"Hectare","conversionFactor":10000.0},{"@type":"Unit","@id":"c66d26f1-7946-4027-85f0-ac79222a59f1","name":"ft2","description":"British square feet","conversionFactor":0.09,"synonyms":["ft²","sq.ft"]},{"@type":"Unit","@id":"dc4bb818-ab06-4f65-ade9-a69a3ca116fd","name":"dm2","description":"Square decimetres","conversionFactor":0.01},{"@type":"Unit","@id":"588613d5-6c8c-4ab6-8c69-ec5e20ef7881","name":"cm2","description":"Square centimetre","conversionFactor":1.0E-4},{"@type":"Unit","@id":"8ee3bcbf-9e65-4f59-9b0b-40b504cbe345","name":"ac","description":"Acre (US survey)","conversionFactor":4046.85,"synonyms":["acre (US)","acre"]},{"@type":"Unit","@id":"e114cd83-3e7f-4466-8028-761c0469f7c7","name":"a","description":"Are","conversionFactor":100.0},{"@type":"Unit","@id":"20ce5f57-69b1-438b-a8e8-23089854d058","name":"mi2","description":"British square mile","conversionFactor":2589988.11,"synonyms":["mi²","sq.mi"]}]}