{"@context":{"@vocab":"http://openlca.org/schema/v1.0/","@base":"http://openlca.org/schema/v1.0/","modelType":{"@type":"@vocab"},"flowPropertyType":{"@type":"@vocab"},"flowType":{"@type":"@vocab"},"distributionType":{"@type":"@vocab"},"parameterScope":{"@type":"@vocab"},"allocationType":{"@type":"@vocab"},"defaultAllocationMethod":{"@type":"@vocab"},"processType":{"@type":"@vocab"}},"@type":"Flow","@id":"0716e9ee-53d6-4c37-8d4f-49827fd80b17","name":"Dipropylthiocarbamic acid S-ethyl ester","category":{"@type":"Category","@id":"c2f5c3a9-70a8-443e-972d-c0cdf5ef1f57","name":"industrial"},"flowType":"ELEMENTARY_FLOW","cas":"000759-94-4","formula":"C9H19NOS","flowProperties":[{"@type":"FlowPropertyFactor","referenceFlowProperty":true,"flowProperty":{"@type":"FlowProperty","@id":"93a60a56-a3c8-11da-a746-0800200b9a66","name":"Mass"},"conversionFactor":1.0}]}