{"@context":{"@vocab":"http://openlca.org/schema/v1.0/","@base":"http://openlca.org/schema/v1.0/","modelType":{"@type":"@vocab"},"flowPropertyType":{"@type":"@vocab"},"flowType":{"@type":"@vocab"},"distributionType":{"@type":"@vocab"},"parameterScope":{"@type":"@vocab"},"allocationType":{"@type":"@vocab"},"defaultAllocationMethod":{"@type":"@vocab"},"processType":{"@type":"@vocab"}},"@type":"Flow","@id":"0af4328c-6b6f-4de4-9624-d86d43fba544","name":"Ferbam","category":{"@type":"Category","@id":"7c393da4-5f55-41d5-baa2-4216a299c21c","name":"high population density"},"flowType":"ELEMENTARY_FLOW","cas":"014484-64-1","flowProperties":[{"@type":"FlowPropertyFactor","referenceFlowProperty":true,"flowProperty":{"@type":"FlowProperty","@id":"93a60a56-a3c8-11da-a746-0800200b9a66","name":"Mass"},"conversionFactor":1.0}]}