{"@context":{"@vocab":"http://openlca.org/schema/v1.0/","@base":"http://openlca.org/schema/v1.0/","modelType":{"@type":"@vocab"},"flowPropertyType":{"@type":"@vocab"},"flowType":{"@type":"@vocab"},"distributionType":{"@type":"@vocab"},"parameterScope":{"@type":"@vocab"},"allocationType":{"@type":"@vocab"},"defaultAllocationMethod":{"@type":"@vocab"},"processType":{"@type":"@vocab"}},"@type":"Flow","@id":"35ba0a0e-b43b-4d89-9bdc-e43d1807b17b","name":"Fluazinam","category":{"@type":"Category","@id":"c2f5c3a9-70a8-443e-972d-c0cdf5ef1f57","name":"industrial"},"flowType":"ELEMENTARY_FLOW","cas":"079622-59-6","formula":"C13H4Cl2F6N4O4","flowProperties":[{"@type":"FlowPropertyFactor","referenceFlowProperty":true,"flowProperty":{"@type":"FlowProperty","@id":"93a60a56-a3c8-11da-a746-0800200b9a66","name":"Mass"},"conversionFactor":1.0}]}