{"@context":{"@vocab":"http://openlca.org/schema/v1.0/","@base":"http://openlca.org/schema/v1.0/","modelType":{"@type":"@vocab"},"flowPropertyType":{"@type":"@vocab"},"flowType":{"@type":"@vocab"},"distributionType":{"@type":"@vocab"},"parameterScope":{"@type":"@vocab"},"allocationType":{"@type":"@vocab"},"defaultAllocationMethod":{"@type":"@vocab"},"processType":{"@type":"@vocab"}},"@type":"Flow","@id":"6b814ac1-9848-45e7-acee-37ea94f7cd15","name":"Toluene, 2,4-dinitro-","category":{"@type":"Category","@id":"c2f5c3a9-70a8-443e-972d-c0cdf5ef1f57","name":"industrial"},"flowType":"ELEMENTARY_FLOW","cas":"000121-14-2","formula":"C7H6N2O4","flowProperties":[{"@type":"FlowPropertyFactor","referenceFlowProperty":true,"flowProperty":{"@type":"FlowProperty","@id":"93a60a56-a3c8-11da-a746-0800200b9a66","name":"Mass"},"conversionFactor":1.0}]}