{"@context":{"@vocab":"http://openlca.org/schema/v1.0/","@base":"http://openlca.org/schema/v1.0/","modelType":{"@type":"@vocab"},"flowPropertyType":{"@type":"@vocab"},"flowType":{"@type":"@vocab"},"distributionType":{"@type":"@vocab"},"parameterScope":{"@type":"@vocab"},"allocationType":{"@type":"@vocab"},"defaultAllocationMethod":{"@type":"@vocab"},"processType":{"@type":"@vocab"}},"@type":"Flow","@id":"a103e4da-bdd6-4ce5-9786-ce3537e0a6f4","name":"Fentin hydroxide","category":{"@type":"Category","@id":"5757a050-d6aa-470a-b1fc-f8deb7410b5a","name":"low population density, long-term"},"flowType":"ELEMENTARY_FLOW","cas":"000076-87-9","flowProperties":[{"@type":"FlowPropertyFactor","referenceFlowProperty":true,"flowProperty":{"@type":"FlowProperty","@id":"93a60a56-a3c8-11da-a746-0800200b9a66","name":"Mass"},"conversionFactor":1.0}]}